LDA_n_topics,learning_rate_init,hidden_layer_1_size,hidden_layer_2_size,alpha,max_n_gram,early_stopping,validation_fraction,max_features,token_pattern,avg_accuracy
194,0.0067481060740761335,833,20,0.0007129945874339452,1,1,0.16462626700168975,18362,1,0.8312993025757542
44,0.009872895028558412,118,9,0.0003337770687275479,1,0,0.0,22991,1,0.8198046847121645
134,0.00981463673816906,667,21,0.0006665017192056482,3,1,0.13022823143822682,25719,2,0.8187337648688627
